economy_code,reference_period,source_total,accepted_total,excluded_total,reconstructed_total,difference,status
IND,2021-22,14335163.0751976,14227537.57582235546,107625.49937520101,14335163.07519755647,0.00000004353,FAIL
