armilar_category,weight
CP01,0.097169961152314958958646
CP02,0.026789442196435607092284
CP03,0.031581382652753090404814
CP04,0.246884522225055158031582
CP05,0.044491962960722468573324
CP06,0.128668266576989556438948
CP07,0.086476357223916626538317
CP08,0.032443803204695093240068
CP09,0.074539717362685381421627
CP10,0.034029163033560785726986
CP11,0.062745371099691474149606
CP12,0.134180050311179799423798
